{
    "name": "DailyTrigger",
    "properties": {
        "annotations": [],
        "runtimeState": "Started",
        "pipelines": [
            {
                "pipelineReference": {
                    "referenceName": "IncrementalLoadPipeline",
                    "type": "PipelineReference"
                }
            }
        ],
        "type": "ScheduleTrigger",
        "typeProperties": {
            "recurrence": {
                "frequency": "Day",
                "interval": 1,
                "startTime": "2025-06-28T03:00:00",
                "timeZone": "India Standard Time"
            }
        }
    }
}