{
    "$schema": "http://schema.management.azure.com/schemas/2015-01-01/deploymentTemplate.json#",
    "contentVersion": "1.0.0.0",
    "parameters": {
        "factoryName": {
            "type": "string",
            "metadata": "Data Factory name",
            "defaultValue": "KartikADF123"
        },
        "SqlServer1_password": {
            "type": "secureString",
            "metadata": "Secure string for 'password' of 'SqlServer1'"
        },
        "AzureSqlDatabase1_password": {
            "type": "secureString",
            "metadata": "Secure string for 'password' of 'AzureSqlDatabase1'"
        },
        "FtpServer1_password": {
            "type": "secureString",
            "metadata": "Secure string for 'password' of 'FtpServer1'"
        },
        "SqlServer1_properties_typeProperties_server": {
            "type": "string",
            "defaultValue": "localhost"
        },
        "SqlServer1_properties_typeProperties_database": {
            "type": "string",
            "defaultValue": "OnPremDB"
        },
        "SqlServer1_properties_typeProperties_userName": {
            "type": "string",
            "defaultValue": "adf_user"
        },
        "AzureSqlDatabase1_properties_typeProperties_server": {
            "type": "string",
            "defaultValue": "kartik-server.database.windows.net"
        },
        "AzureSqlDatabase1_properties_typeProperties_database": {
            "type": "string",
            "defaultValue": "OnPremToCloudDB"
        },
        "AzureSqlDatabase1_properties_typeProperties_userName": {
            "type": "string",
            "defaultValue": "Kartik-Mathur"
        },
        "FtpServer1_properties_typeProperties_host": {
            "type": "string",
            "defaultValue": "192.168.29.232"
        },
        "FtpServer1_properties_typeProperties_userName": {
            "type": "string",
            "defaultValue": "ftp-user"
        },
        "containerUri": {
            "type": "string",
            "metadata": "URI to storage account containing linked ARM templates"
        },
        "containerSasToken": {
            "type": "string",
            "metadata": "Sas token to storage account containing linked ARM templates"
        }
    },
    "variables": {
        "factoryId": "[concat('Microsoft.DataFactory/factories/', parameters('factoryName'))]"
    },
    "resources": [
        {
            "name": "KartikADF123_ArmTemplate_0",
            "type": "Microsoft.Resources/deployments",
            "apiVersion": "2024-03-01",
            "properties": {
                "mode": "incremental",
                "templateLink": {
                    "uri": "[concat(parameters('containerUri'), '/ArmTemplate_0.json', parameters('containerSasToken'))]",
                    "contentVersion": "1.0.0.0"
                },
                "parameters": {
                    "factoryName": {
                        "value": "[parameters('factoryName')]"
                    },
                    "AzureSqlDatabase1_password": {
                        "value": "[parameters('AzureSqlDatabase1_password')]"
                    },
                    "SqlServer1_password": {
                        "value": "[parameters('SqlServer1_password')]"
                    },
                    "FtpServer1_password": {
                        "value": "[parameters('FtpServer1_password')]"
                    },
                    "AzureSqlDatabase1_properties_typeProperties_server": {
                        "value": "[parameters('AzureSqlDatabase1_properties_typeProperties_server')]"
                    },
                    "AzureSqlDatabase1_properties_typeProperties_database": {
                        "value": "[parameters('AzureSqlDatabase1_properties_typeProperties_database')]"
                    },
                    "AzureSqlDatabase1_properties_typeProperties_userName": {
                        "value": "[parameters('AzureSqlDatabase1_properties_typeProperties_userName')]"
                    },
                    "SqlServer1_properties_typeProperties_server": {
                        "value": "[parameters('SqlServer1_properties_typeProperties_server')]"
                    },
                    "SqlServer1_properties_typeProperties_database": {
                        "value": "[parameters('SqlServer1_properties_typeProperties_database')]"
                    },
                    "SqlServer1_properties_typeProperties_userName": {
                        "value": "[parameters('SqlServer1_properties_typeProperties_userName')]"
                    },
                    "FtpServer1_properties_typeProperties_host": {
                        "value": "[parameters('FtpServer1_properties_typeProperties_host')]"
                    },
                    "FtpServer1_properties_typeProperties_userName": {
                        "value": "[parameters('FtpServer1_properties_typeProperties_userName')]"
                    }
                }
            },
            "dependsOn": []
        }
    ]
}