{
    "name": "DS_Azure_Customers",
    "properties": {
        "linkedServiceName": {
            "referenceName": "AzureSqlDatabase1",
            "type": "LinkedServiceReference"
        },
        "annotations": [],
        "type": "AzureSqlTable",
        "schema": [
            {
                "name": "CustomerID",
                "type": "int",
                "precision": 10
            },
            {
                "name": "Name",
                "type": "nvarchar"
            },
            {
                "name": "Email",
                "type": "nvarchar"
            },
            {
                "name": "CreatedDate",
                "type": "datetime",
                "precision": 23,
                "scale": 3
            }
        ],
        "typeProperties": {
            "schema": "dbo",
            "table": "Customers"
        }
    },
    "type": "Microsoft.DataFactory/factories/datasets"
}