{
    "now": "2025-06-28T11:25:55.526Z",
    "perfNow": 519369.89999997616,
    "diagnosticCorrelation": "94190947-7d75-49b3-bc70-b642e16dc92f",
    "source": "DownloadSupportFiles",
    "environment": {
        "productName": "adf",
        "buildVersion": "1.0.061625.7",
        "environmentType": 3,
        "resourceName": "KartikADF123",
        "resourceRegion": "centralindia",
        "resourceGroup": "MyADFGroup",
        "subscriptionId": "517a151e-788f-4a57-bf3b-c7ca5173e743",
        "sessionId": "ZT6at3+ecUnCJ/MVuAOh24",
        "operationId": "",
        "gitType": "live",
        "loggingKey": "c7fb198f-1bf9-4b31-873e-6abfc851aba3"
    },
    "additionalInfo": {
        "selectedResource": "OnPremToAzurePipeline",
        "selectedResourceType": "pipeline"
    }
}