{
    "now": "2025-06-28T11:27:21.566Z",
    "perfNow": 605410.5,
    "diagnosticCorrelation": "8b5073a8-2753-481d-aef5-4a3f6e30ff5d",
    "source": "DownloadSupportFiles",
    "environment": {
        "productName": "adf",
        "buildVersion": "1.0.061625.7",
        "environmentType": 3,
        "resourceName": "KartikADF123",
        "resourceRegion": "centralindia",
        "resourceGroup": "MyADFGroup",
        "subscriptionId": "517a151e-788f-4a57-bf3b-c7ca5173e743",
        "sessionId": "ZT6at3+ecUnCJ/MVuAOh24",
        "operationId": "",
        "gitType": "live",
        "loggingKey": "c7fb198f-1bf9-4b31-873e-6abfc851aba3"
    },
    "additionalInfo": {
        "selectedResource": "FtpToAzurePipeline",
        "selectedResourceType": "pipeline"
    }
}